{
  "smtpdomains": {
    "1and1.co.uk":"smtp.1and1.com",
    "1and1.com":"smtp.1and1.com",
    "1und1.de":"smtp.1und1.de",
    "aim.com":"smtp.aim.com",
    "alice-dsl.de":"smtp.alice-dsl.de",
    "alice-dsl.net":"smtp.alice-dsl.de",
    "alice.de":"smtp.alice-dsl.de",
    "alice.it":"out.alice.it",
    "aol.com":"smtp.aol.com",
    "aol.de":"smtp.de.aol.com",
    "aon.at":"smtp.a1.net",
    "arcor.de":"mail.arcor.de",
    "arcormail.de":"mail.arcor.de",
    "att.net":"smtp.mail.att.net",
    "ameritech.net":"smtp.mail.att.net",
    "bellsouth.net":"smtp.mail.att.net",
    "prodigy.net":"smtp.mail.att.net",
    "bluemail.ch":"smtpauth.bluewin.ch",
    "bluewin.ch":"smtpauth.bluewin.ch",
    "btinternet.com":"mail.btinternet.com",
    "btopenworld.com":"mail.btinternet.com",
    "centurylink.net":"smtp.centurylink.net",
    "centurytel.net":"smtp.centurylink.net",
    "comcast.net":"smtp.comcast.net",
    "cox.net":"smtp.coxmail.com",
    "cox.com":"smtp.coxmail.com",
    "coxmail.com":"smtp.coxmail.com",
    "earthlink.net":"smtpauth.earthlink.net",
    "email.com":"smtp.mail.com",
    "email.de":"smtp.mail.de",
    "epost.de":"mail.epost.de",
    "ewe.net":"smtp.ewe.net",
    "ewetel.de":"smtp-1.ewetel.net",
    "ewetel.net":"smtp-1.ewetel.net",
    "free.fr":"smtp.free.fr",
    "freenet.de":"mx.freenet.de",
    "freesurf.ch":"smtp2.sunrise.ch",
    "gmx.com":"mail.gmx.com",
    "gmx.de":"mail.gmx.com",
    "gmx.net":"mail.gmx.com",
    "gmx.org":"mail.gmx.com",
    "google.com":"smtp.gmail.com",
    "googlemail.com":"smtp.gmail.com",
    "gmail.com":"smtp.gmail.com",
    "hanse.net":"smtp.alice.de",
    "home.nl":"smtp.ziggo.nl",
    "homemail.com":"smtp.mail.com",
    "hotmail.co.uk":"smtp.live.com",
    "hotmail.com":"smtp.live.com",
    "hotmail.de":"smtp.live.com",
    "htp-tel.de":"mail.htp-tel.de",
    "icloud.com":"smtp.mail.me.com",
    "inbox.ru":"mail.inbox.ru",
    "kabelbw.de":"smtp.kabelbw.de",
    "kabelmail.de":"smtp.kabelmail.de",
    "live.com":"smtp.office365.com",
    "live.de":"smtp.office365.com",
    "lycos.com":"smtp.mail.lycos.com",
    "lycos.de":"smtp.lycos.de",
    "mail.com":"smtp.mail.com",
    "mail.de":"smtp.mail.de",
    "mail.org":"smtp.mail.com",
    "mail.ru":"smtp.mail.ru",
    "me.com":"smtp.mail.me.com",
    "msn.com":"smtp.office365.com",
    "mymail.ch":"mail.mymail.ch",
    "netcologne.de":"smtp.netcologne.de",
    "netscape.net":"smtp.aol.com",
    "o2mail.de":"smtp.o2mail.de",
    "o2online.de":"smtp.o2online.de",
    "one.com":"send.one.com",
    "online.de":"smtp.1und1.de",
    "onlinehome.de":"smtp.1und1.de",
    "orange.fr":"smtp.orange.fr",
    "outlook.com":"smtp.office365.com",
    "ovh.net":"ssl0.ovh.net",
    "post.com":"smtp.mail.com",
    "posteo.de":"posteo.de",
    "posteo.org":"posteo.de",
    "sunrise.ch":"smtp2.sunrise.ch",
    "t-online.de":"securesmtp.t-online.de",
    "tiscali.cz":"smtp.tiscali.cz",
    "tiscali.it":"smtp.tiscali.it",
    "tiscali.net":"smtp.tiscalinet.de",
    "tiscali.co.uk":"smtp.tiscali.co.uk",
    "uni.de":"easy.uni.de",
    "unitybox.de":"smtp.unitybox.de",
    "versanet.de":"smtp.versatel.de",
    "versatel.de":"smtp.versatel.de",
    "virgin.net":"smtp.virgin.net",
    "virginmedia.com":"smtp.virginmedia.com",
    "vodafone.de":"smtp.vodafonemail.de",
    "vodafone.net":"smtp.vodafonemail.de",
    "wanadoo.fr":"smtp.orange.fr",
    "yahoo.co.uk":"smtp.mail.yahoo.com",
    "yahoo.com":"smtp.mail.yahoo.com",
    "yahoo.de":"smtp.mail.yahoo.com",
    "yandex.com":"smtp.yandex.com",
    "yandex.net":"smtp.yandex.com",
    "yandex.ru":"smtp.yandex.com",
    "seznam.cz":"smtp.seznam.cz",
    "club-internet.fr":"smtp.club-internet.fr",
    "web.de":"smtp.web.de",
    "outlook.de":"smtp.office365.com",
    "office365.com":"smtp.office365.com",
    "yeah.net":"smtp.yeah.net",
    "hawaiiantel.net":"smtp.hawaiiantel.net",
    "sina.cn":"smtp.sina.cn",
    "baldwin-telecom.net":"mail.baldwin-telecom.net",
    "rambler.ru":"mail.rambler.ru",
    "163.com":"smtp.163.com",
    "uol.com.br":"smtp.uol.com.br",
    "mybluelight.com":"smtp.mybluelight.com",
    "sfr.fr":"mail.sfr.fr",
    "netzero.net":"smtp.netzero.net",
    "ziggo.nl":"smtp.ziggo.nl",
    "terra.com.br":"smtp.sao.terra.com.br",
    "charter.net":"mobile.charter.net",
    "ntlworld.com":"smtp.ntlworld.com"
  },
  "smtpports": {
    "smtp.1und1.de":587,
    "smtp.1and1.com":587,
    "smtp.gmail.com":587,
    "smtp.live.com":587,
    "smtp.office365.com":587,
    "plus.smtp.mail.yahoo.com":465,
    "smtp.mail.yahoo.co.uk":465,
    "smtp.mail.yahoo.com":465,
    "smtp.mail.yahoo.com.au":465,
    "smtp.att.yahoo.com":465,
    "smtp.o2.ie":25,
    "smtp.o2.co.uk":25,
    "mail.o2online.de":25,
    "smtp.aol.com":587,
    "smtp.de.aol.com":587,
    "smtp.aim.com":587,
    "smtp.ntlworld.com":465,
    "mail.btconnect.com":25,
    "mail.btopenworld.com":25,
    "mail.btinternet.com":25,
    "smtp.orange.co.uk":25,
    "smtp.orange.fr":465,
    "smtp.orange.net":25,
    "smtp.wanadoo.co.uk":25,
    "securesmtp.t-online.de":587,
    "smtp.comcast.net":587,
    "outgoing.verizon.net":465,
    "smtp.mail.com":587,
    "mail.gmx.com":465,
    "mail.arcor.de":25,
    "mx.freenet.de":25,
    "smtp.seznam.cz":587,
    "smtp.club-internet.fr":587,
    "smtp.alice-dsl.de":587,
    "smtp.mail.me.com":587,
    "smtp.virgin.net":465,
    "smtp.zoho.com":465,
    "smtp.postoffice.net":465,
    "smtp.netcologne.de":465,
    "smtp2.sunrise.ch":465,
    "mail.epost.de":25,
    "smtp-1.ewetel.net":25,
    "smtp.lycos.de":25,
    "smtp.tiscalinet.de":25,
    "smtp.tiscali.co.uk":587,
    "smtp.email.vodafone.de":25,
    "smtp.web.de":587,
    "smtp.mail.att.net":465,
    "smtp.mail.lycos.com":25,
    "smtp.vodafonemail.de":587,
    "smtpauths.bluewin.ch":465,
    "mail.eclipso.de":465,
    "firemail.de":587,
    "smtp.mailbox.org":465,
    "smtp.mail.de":587,
    "smtp.yandex.com":465,
    "smtp.ewe.net":587,
    "mail.unity-mail.de":587,
    "smtp.kabelmail.de":465,
    "smtp.yeah.net":587,
    "smtp.sina.cn":587,
    "mail.baldwin-telecom.net":25,
    "smtp.hawaiiantel.net":587,
    "mail.rambler.ru":25,
    "smtp.163.com":587,
    "smtp.uol.com.br":465,
    "smtp.mybluelight.com":587,
    "smtpauth.earthlink.net":587,
    "mail.sfr.fr":587,
    "smtp.ziggo.nl":587,
    "smtp.netzero.net":587,
    "smtp.mail.ru":587,
    "out.alice.it":25,
    "smtp.sao.terra.com.br":587,
    "smtp.coxmail.com":465,
    "mobile.charter.net":587,
    "ntlworld.com":465
  },
  "commonports": [
    25,
    465,
    587
  ],
  "hosterblacklist": [
    "orange.fr",
    "wanadoo.fr",
    "gmail.com",
    "googlemail.com",
    "yahoo.com",
    "yahoo.de",
    "yahoo.co.uk",
    "yahoo.co.jp",
    "yahoo.com.br",
    "hotmail.com",
    "hotmail.co.uk",
    "protonmail.com",
    "yandex.ru",
    "me.com",
    "icloud.com",
    "0815.ru",
    "0wnd.net",
    "0wnd.org",
    "10minutemail.co.za",
    "10minutemail.com",
    "123-m.com",
    "163.com",
    "1fsdfdsfsdf.tk",
    "1pad.de",
    "20minutemail.com",
    "21cn.com",
    "2fdgdfgdfgdf.tk",
    "2prong.com",
    "30minutemail.com",
    "33mail.com",
    "3trtretgfrfe.tk",
    "4gfdsgfdgfd.tk",
    "4warding.com",
    "5ghgfhfghfgh.tk",
    "6hjgjhgkilkj.tk",
    "6paq.com",
    "7tags.com",
    "9ox.net",
    "a-bc.net",
    "agedmail.com",
    "ama-trade.de",
    "amilegit.com",
    "amiri.net",
    "amiriindustries.com",
    "anonmails.de",
    "anonymbox.com",
    "antichef.com",
    "antichef.net",
    "antireg.ru",
    "antispam.de",
    "antispammail.de",
    "armyspy.com",
    "artman-conception.com",
    "azmeil.tk",
    "baxomale.ht.cx",
    "beefmilk.com",
    "bigstring.com",
    "binkmail.com",
    "bio-muesli.net",
    "bobmail.info",
    "bodhi.lawlita.com",
    "bofthew.com",
    "bootybay.de",
    "boun.cr",
    "bouncr.com",
    "breakthru.com",
    "brefmail.com",
    "bsnow.net",
    "bspamfree.org",
    "bugmenot.com",
    "bund.us",
    "burstmail.info",
    "buymoreplays.com",
    "byom.de",
    "c2.hu",
    "card.zp.ua",
    "casualdx.com",
    "cek.pm",
    "centermail.com",
    "centermail.net",
    "chammy.info",
    "childsavetrust.org",
    "chogmail.com",
    "choicemail1.com",
    "clixser.com",
    "cmail.net",
    "cmail.org",
    "coldemail.info",
    "cool.fr.nf",
    "courriel.fr.nf",
    "courrieltemporaire.com",
    "crapmail.org",
    "cust.in",
    "cuvox.de",
    "d3p.dk",
    "dacoolest.com",
    "dandikmail.com",
    "dayrep.com",
    "dcemail.com",
    "deadaddress.com",
    "deadspam.com",
    "delikkt.de",
    "despam.it",
    "despammed.com",
    "devnullmail.com",
    "dfgh.net",
    "digitalsanctuary.com",
    "dingbone.com",
    "disposableaddress.com",
    "disposableemailaddresses.com",
    "disposableinbox.com",
    "dispose.it",
    "dispostable.com",
    "dodgeit.com",
    "dodgit.com",
    "donemail.ru",
    "dontreg.com",
    "dontsendmespam.de",
    "drdrb.net",
    "dump-email.info",
    "dumpandjunk.com",
    "dumpyemail.com",
    "e-mail.com",
    "e-mail.org",
    "e4ward.com",
    "easytrashmail.com",
    "einmalmail.de",
    "einrot.com",
    "eintagsmail.de",
    "emailgo.de",
    "emailias.com",
    "emaillime.com",
    "emailsensei.com",
    "emailtemporanea.com",
    "emailtemporanea.net",
    "emailtemporar.ro",
    "emailtemporario.com.br",
    "emailthe.net",
    "emailtmp.com",
    "emailwarden.com",
    "emailx.at.hm",
    "emailxfer.com",
    "emeil.in",
    "emeil.ir",
    "emz.net",
    "ero-tube.org",
    "evopo.com",
    "explodemail.com",
    "express.net.ua",
    "eyepaste.com",
    "fakeinbox.com",
    "fakeinformation.com",
    "fansworldwide.de",
    "fantasymail.de",
    "fightallspam.com",
    "filzmail.com",
    "fivemail.de",
    "fleckens.hu",
    "frapmail.com",
    "friendlymail.co.uk",
    "fuckingduh.com",
    "fudgerub.com",
    "fyii.de",
    "garliclife.com",
    "gehensiemirnichtaufdensack.de",
    "get2mail.fr",
    "getairmail.com",
    "getmails.eu",
    "getonemail.com",
    "giantmail.de",
    "girlsundertheinfluence.com",
    "gishpuppy.com",
    "gmial.com",
    "goemailgo.com",
    "gotmail.net",
    "gotmail.org",
    "gotti.otherinbox.com",
    "great-host.in",
    "greensloth.com",
    "grr.la",
    "gsrv.co.uk",
    "guerillamail.biz",
    "guerillamail.com",
    "guerrillamail.biz",
    "guerrillamail.com",
    "guerrillamail.de",
    "guerrillamail.info",
    "guerrillamail.net",
    "guerrillamail.org",
    "guerrillamailblock.com",
    "gustr.com",
    "harakirimail.com",
    "hat-geld.de",
    "hatespam.org",
    "herp.in",
    "hidemail.de",
    "hidzz.com",
    "hmamail.com",
    "hopemail.biz",
    "ieh-mail.de",
    "ikbenspamvrij.nl",
    "imails.info",
    "inbax.tk",
    "inbox.si",
    "inboxalias.com",
    "inboxclean.com",
    "inboxclean.org",
    "infocom.zp.ua",
    "instant-mail.de",
    "ip6.li",
    "irish2me.com",
    "iwi.net",
    "jetable.com",
    "jetable.fr.nf",
    "jetable.net",
    "jetable.org",
    "jnxjn.com",
    "jourrapide.com",
    "jsrsolutions.com",
    "kasmail.com",
    "kaspop.com",
    "killmail.com",
    "killmail.net",
    "klassmaster.com",
    "klzlk.com",
    "koszmail.pl",
    "kurzepost.de",
    "lawlita.com",
    "letthemeatspam.com",
    "lhsdv.com",
    "lifebyfood.com",
    "link2mail.net",
    "litedrop.com",
    "lol.ovpn.to",
    "lolfreak.net",
    "lookugly.com",
    "lortemail.dk",
    "lr78.com",
    "lroid.com",
    "lukop.dk",
    "m21.cc",
    "mail-filter.com",
    "mail-temporaire.fr",
    "mail.by",
    "mail.mezimages.net",
    "mail.zp.ua",
    "mail1a.de",
    "mail21.cc",
    "mail2rss.org",
    "mail333.com",
    "mailbidon.com",
    "mailbiz.biz",
    "mailblocks.com",
    "mailbucket.org",
    "mailcat.biz",
    "mailcatch.com",
    "mailde.de",
    "mailde.info",
    "maildrop.cc",
    "maileimer.de",
    "mailexpire.com",
    "mailfa.tk",
    "mailforspam.com",
    "mailfreeonline.com",
    "mailguard.me",
    "mailin8r.com",
    "mailinater.com",
    "mailinator.net",
    "mailinator.org",
    "mailinator2.com",
    "mailincubator.com",
    "mailismagic.com",
    "mailme.lv",
    "mailme24.com",
    "mailmetrash.com",
    "mailmoat.com",
    "mailms.com",
    "mailnesia.com",
    "mailnull.com",
    "mailorg.org",
    "mailpick.biz",
    "mailrock.biz",
    "mailscrap.com",
    "mailshell.com",
    "mailsiphon.com",
    "mailtemp.info",
    "mailtome.de",
    "mailtothis.com",
    "mailtrash.net",
    "mailtv.net",
    "mailtv.tv",
    "mailzilla.com",
    "makemetheking.com",
    "manybrain.com",
    "mbx.cc",
    "mega.zik.dj",
    "meinspamschutz.de",
    "meltmail.com",
    "messagebeamer.de",
    "mezimages.net",
    "ministry-of-silly-walks.de",
    "mintemail.com",
    "misterpinball.de",
    "moncourrier.fr.nf",
    "monemail.fr.nf",
    "monmail.fr.nf",
    "monumentmail.com",
    "mt2009.com",
    "mt2014.com",
    "mycard.net.ua",
    "mycleaninbox.net",
    "mymail-in.net",
    "mypacks.net",
    "mypartyclip.de",
    "myphantomemail.com",
    "mysamp.de",
    "mytempemail.com",
    "mytempmail.com",
    "mytrashmail.com",
    "nabuma.com",
    "neomailbox.com",
    "nepwk.com",
    "nervmich.net",
    "nervtmich.net",
    "netmails.com",
    "netmails.net",
    "neverbox.com",
    "nice-4u.com",
    "nincsmail.hu",
    "nnh.com",
    "no-spam.ws",
    "noblepioneer.com",
    "nomail.pw",
    "nomail.xl.cx",
    "nomail2me.com",
    "nomorespamemails.com",
    "nospam.ze.tc",
    "nospam4.us",
    "nospamfor.us",
    "nospammail.net",
    "notmailinator.com",
    "nowhere.org",
    "nowmymail.com",
    "nurfuerspam.de",
    "nus.edu.sg",
    "objectmail.com",
    "obobbo.com",
    "odnorazovoe.ru",
    "oneoffemail.com",
    "onewaymail.com",
    "onlatedotcom.info",
    "online.ms",
    "opayq.com",
    "ordinaryamerican.net",
    "otherinbox.com",
    "ovpn.to",
    "owlpic.com",
    "pancakemail.com",
    "pcusers.otherinbox.com",
    "pjjkp.com",
    "plexolan.de",
    "poczta.onet.pl",
    "politikerclub.de",
    "poofy.org",
    "pookmail.com",
    "privacy.net",
    "privatdemail.net",
    "proxymail.eu",
    "prtnx.com",
    "putthisinyourspamdatabase.com",
    "qq.com",
    "quickinbox.com",
    "rcpt.at",
    "reallymymail.com",
    "realtyalerts.ca",
    "recode.me",
    "recursor.net",
    "reliable-mail.com",
    "rhyta.com",
    "rmqkr.net",
    "royal.net",
    "rtrtr.com",
    "s0ny.net",
    "safe-mail.net",
    "safersignup.de",
    "safetymail.info",
    "safetypost.de",
    "saynotospams.com",
    "schafmail.de",
    "schrott-email.de",
    "secretemail.de",
    "secure-mail.biz",
    "senseless-entertainment.com",
    "services391.com",
    "sharklasers.com",
    "shieldemail.com",
    "shiftmail.com",
    "shitmail.me",
    "shitware.nl",
    "shmeriously.com",
    "shortmail.net",
    "sibmail.com",
    "sinnlos-mail.de",
    "slapsfromlastnight.com",
    "slaskpost.se",
    "smashmail.de",
    "smellfear.com",
    "snakemail.com",
    "sneakemail.com",
    "sneakmail.de",
    "snkmail.com",
    "sofimail.com",
    "solvemail.info",
    "sogetthis.com",
    "soodonims.com",
    "spam4.me",
    "spamail.de",
    "spamarrest.com",
    "spambob.net",
    "spambog.ru",
    "spambox.us",
    "spamcannon.com",
    "spamcannon.net",
    "spamcon.org",
    "spamcorptastic.com",
    "spamcowboy.com",
    "spamcowboy.net",
    "spamcowboy.org",
    "spamday.com",
    "spamex.com",
    "spamfree.eu",
    "spamfree24.com",
    "spamfree24.de",
    "spamfree24.org",
    "spamgoes.in",
    "spamgourmet.com",
    "spamgourmet.net",
    "spamgourmet.org",
    "spamherelots.com",
    "spamhereplease.com",
    "spamhole.com",
    "spamify.com",
    "spaml.de",
    "spammotel.com",
    "spamobox.com",
    "spamslicer.com",
    "spamspot.com",
    "spamthis.co.uk",
    "spamtroll.net",
    "speed.1s.fr",
    "spoofmail.de",
    "stuffmail.de",
    "super-auswahl.de",
    "supergreatmail.com",
    "supermailer.jp",
    "superrito.com",
    "superstachel.de",
    "suremail.info",
    "talkinator.com",
    "teewars.org",
    "teleworm.com",
    "teleworm.us",
    "temp-mail.org",
    "temp-mail.ru",
    "tempe-mail.com",
    "tempemail.co.za",
    "tempemail.com",
    "tempemail.net",
    "tempinbox.co.uk",
    "tempinbox.com",
    "tempmail.eu",
    "tempmaildemo.com",
    "tempmailer.com",
    "tempmailer.de",
    "tempomail.fr",
    "temporaryemail.net",
    "temporaryforwarding.com",
    "temporaryinbox.com",
    "temporarymailaddress.com",
    "tempthe.net",
    "thankyou2010.com",
    "thc.st",
    "thelimestones.com",
    "thisisnotmyrealemail.com",
    "thismail.net",
    "throwawayemailaddress.com",
    "tilien.com",
    "tittbit.in",
    "tizi.com",
    "tmailinator.com",
    "toomail.biz",
    "topranklist.de",
    "tradermail.info",
    "trash-mail.at",
    "trash-mail.com",
    "trash-mail.de",
    "trash2009.com",
    "trashdevil.com",
    "trashemail.de",
    "trashmail.at",
    "trashmail.com",
    "trashmail.de",
    "trashmail.me",
    "trashmail.net",
    "trashmail.org",
    "trashymail.com",
    "trialmail.de",
    "trillianpro.com",
    "twinmail.de",
    "tyldd.com",
    "uggsrock.com",
    "umail.net",
    "uroid.com",
    "us.af",
    "venompen.com",
    "veryrealemail.com",
    "viditag.com",
    "viralplays.com",
    "vpn.st",
    "vsimcard.com",
    "vubby.com",
    "wasteland.rfc822.org",
    "webemail.me",
    "weg-werf-email.de",
    "wegwerf-emails.de",
    "wegwerfadresse.de",
    "wegwerfemail.com",
    "wegwerfemail.de",
    "wegwerfmail.de",
    "wegwerfmail.info",
    "wegwerfmail.net",
    "wegwerfmail.org",
    "wh4f.org",
    "whyspam.me",
    "willhackforfood.biz",
    "willselfdestruct.com",
    "winemaven.info",
    "wronghead.com",
    "x.ip6.li",
    "xagloo.com",
    "xemaps.com",
    "xents.com",
    "xmaily.com",
    "xoxy.net",
    "yep.it",
    "yogamaven.com",
    "yopmail.com",
    "yopmail.fr",
    "yopmail.net",
    "yourdomain.com",
    "yuurok.com",
    "z1p.biz",
    "za.com",
    "zehnminuten.de",
    "zehnminutenmail.de",
    "zippymail.info",
    "zoemail.net",
    "zomg.info"
  ],
  "socks4sources": [
    "https://www.proxyscan.io/api/proxy?format=txt&type=socks4&limit=20",
    "https://api.proxyscrape.com?request=displayproxies&proxytype=socks4&timeout=500",
    "https://www.proxy-list.download/api/v1/get?type=socks4",
    "https://raw.githubusercontent.com/TheSpeedX/SOCKS-List/master/socks4.txt"
  ],
  "socks5sources": [
    "https://www.proxyscan.io/api/proxy?format=txt&type=socks5&limit=20",
    "https://api.proxyscrape.com?request=displayproxies&proxytype=socks5&timeout=1000",
    "https://www.proxy-list.download/api/v1/get?type=socks5",
    "https://raw.githubusercontent.com/TheSpeedX/SOCKS-List/master/socks5.txt"
  ],
  "emailcontent": {
    "first1":"hello and thank you for using mailrip.",
    "first2":"this message has been sent by mailrip.",
    "first3":"here is another result from mailrip.",
    "first4":"this is a new result sent to you by mailrip inbox check.",
    "first5":"you received this message because of a new result.",
    "second1":"the following smtp has been proved working.",
    "second2":"the information below has been verified for sending emails.",
    "second3":"you can grab the data of the found smtp below.",
    "second4":"the tool has found the following active smtp for you.",
    "second5":"see the information below for further details.",
    "last1":"check the results directory for the textfile for more data.",
    "last2":"moreover, this data has been saved to the results directory.",
    "last3":"these details have been saved to the valid.txt, too.",
    "last4":"you can get a textfile containing all smtp from the results directory.",
    "last5":"check the results directory for more smtp accounts."
  }
}
